Year,Month,Date,AveragePrice,Total Volume,4046,4225,4770,Total Bags
2018,10,2018-10-07,1.08,38061760,11931877,10220788,794611,15114483
2018,9,2018-09-30,1.10,37588534,11693993,10028231,659679,15206631
2018,9,2018-09-23,1.19,34866282,10635595,10368078,644554,13218055
2018,9,2018-09-16,1.22,35609955,11598587,9716277,743851,13551240
2018,9,2018-09-09,1.24,37484254,11028194,11898526,859247,13698287
2018,9,2018-09-02,1.29,36169162,10916803,10880826,777528,13594004
2018,8,2018-08-26,1.22,36867975,11171123,11286480,699010,13711361
2018,8,2018-08-19,1.13,40735733,12009246,11634725,1116318,15975443
2018,7,2018-07-15,1.07,43126773,13457480,12125208,908599,16635487
2018,7,2018-07-08,1.03,47848190,14624444,14184133,1169256,17870358
2018,7,2018-07-01,1.05,45572739,14978440,12542938,969239,17082123
2018,6,2018-06-24,1.04,44742750,14643774,12717017,1110724,16271234
2018,6,2018-06-17,1.09,44009085,14909831,12904473,782043,15412738
2018,6,2018-06-10,1.03,45613372,15949807,13691956,753786,15217823
2018,6,2018-06-03,1.07,44705039,15241658,12611265,828738,16023378
2018,5,2018-05-27,1.03,47105314,15644844,13548819,793659,17117993
2018,5,2018-05-20,1.02,44458798,15391298,12092089,736112,16239299
2018,5,2018-05-13,1.00,46371246,15432480,12367252,759856,17811658
2018,5,2018-05-06,0.89,63716144,21137400,19900872,1052499,21625373
2018,4,2018-04-29,1.07,43856759,14254037,13240109,744030,15618583
2018,4,2018-04-22,1.04,44313979,14522578,12709403,722559,16359440
2018,4,2018-04-15,1.03,47098678,15307339,13807126,894946,17089265
2018,4,2018-04-08,1.04,42964068,13410252,13040703,737516,15775597
2018,4,2018-04-01,1.10,41109689,13467728,10744041,732444,16165475
2018,3,2018-03-25,1.03,43409836,14130799,12125711,758801,16394524
2018,3,2018-03-18,1.05,41386314,13707390,11061052,645381,15972492
2018,3,2018-03-11,1.09,40449603,14089091,10758039,707579,14894894
2018,3,2018-03-04,1.07,40741214,14439547,11289307,571748,14440612
2018,2,2018-02-25,1.06,40021529,13829858,10415464,724330,15051877
2018,2,2018-02-18,1.08,36709887,13262751,10491918,552970,12402248
2018,2,2018-02-11,0.97,43167806,15870678,11541845,652857,15102427
2018,2,2018-02-04,0.87,62505647,21620181,20445501,1066830,19373134
2018,1,2018-01-28,1.09,40171641,14551800,12119885,575975,12923982
2018,1,2018-01-21,1.08,42939822,14218844,13929702,928815,13862460
2018,1,2018-01-14,1.20,37299945,12600918,11866198,652808,12180021
2018,1,2018-01-07,1.13,36703157,13730993,10781339,677715,11513110
2017,12,2017-12-31,0.98,38267342,13109617,13197461,644838,11315426
2017,12,2017-12-24,1.18,29102349,10027319,8964247,546374,9564409
2017,12,2017-12-17,1.07,30757767,10704214,9934618,574089,9544845
2017,12,2017-12-10,1.03,35634913,11943915,11659898,398349,11632752
2017,12,2017-12-03,1.09,33824253,11746980,10905968,583801,10587491
2017,11,2017-11-26,1.24,24686675,9175316,7312239,379637,7819483
2017,11,2017-11-19,1.17,29253484,11173132,7847059,416186,9817108
2017,11,2017-11-12,1.15,32336225,11512837,9994648,416643,10412097
2017,11,2017-11-05,1.19,32051594,11042128,9774988,400251,10834227
2017,10,2017-10-29,1.29,30237911,10596903,9803570,424756,9412683
2017,10,2017-10-22,1.44,26706972,9607587,8761193,409598,7928593
2017,10,2017-10-15,1.58,25031589,8769358,8534404,392119,7335708
2017,10,2017-10-08,1.65,24397166,8911144,7609510,391833,7484679
2017,10,2017-10-01,1.64,24610645,8342408,8354516,384794,7528927
2017,9,2017-09-24,1.62,24637148,8652381,8295762,385005,7304000
2017,9,2017-09-17,1.57,25394903,9153159,8328242,417271,7496232
2017,9,2017-09-10,1.56,26385081,9496485,8373234,487927,8027435
2017,9,2017-09-03,1.57,26808411,9775063,8565266,541903,7926179
2017,8,2017-08-27,1.47,28785280,10735710,8587106,517542,8944923
2017,8,2017-08-20,1.41,29913744,10507929,8837219,581074,9987522
2017,8,2017-08-13,1.33,32817254,10952704,11154310,624963,10085277
2017,8,2017-08-06,1.33,32529920,11292580,10988314,665313,9583714
2017,7,2017-07-30,1.32,31756097,11112191,11088083,596676,8959147
2017,7,2017-07-23,1.31,32608302,11391056,11339580,612242,9265423
2017,7,2017-07-16,1.33,32455047,11155466,11202845,756103,9340633
2017,7,2017-07-09,1.17,39367336,13009944,11031218,821964,14504209
2017,7,2017-07-02,1.21,38010426,12623189,10988735,859890,13538613
2017,6,2017-06-25,1.17,37305308,12901032,10805962,655966,12942348
2017,6,2017-06-18,1.18,38247669,12975373,11199449,807107,13265740
2017,6,2017-06-11,1.21,37039854,13490546,10090861,648411,12810036
2017,6,2017-06-04,1.24,37352361,13248335,10157565,667067,13279394
2017,5,2017-05-28,1.28,37030894,12841952,10932971,673385,12582586
2017,5,2017-05-21,1.26,34397651,12120949,10213232,621604,11441867
2017,5,2017-05-14,1.19,36634269,12807836,9717258,652973,13456202
2017,5,2017-05-07,1.09,47293922,17076651,13549103,863472,15804696
2017,4,2017-04-30,1.18,38315500,13316594,11291149,667997,13039760
2017,4,2017-04-23,1.18,35729014,12236713,10224484,613507,12654309
2017,4,2017-04-16,1.23,35182321,12311055,10069354,650017,12151894
2017,4,2017-04-09,1.21,34785713,12091315,10821096,647969,11225332
2017,4,2017-04-02,1.21,34468017,12245521,9733585,624710,11864202
2017,3,2017-03-26,1.24,32555119,11737560,9664311,611106,10542143
2017,3,2017-03-19,1.25,31595125,10975690,9622712,638218,10358506
2017,3,2017-03-12,1.22,32020574,11228357,9575227,727233,10489756
2017,3,2017-03-05,1.13,33684175,11335276,10807890,795173,10745837
2017,2,2017-02-26,0.99,37007798,13173668,11398143,896762,11539225
2017,2,2017-02-19,0.99,33905855,11321732,10351148,832906,11400068
2017,2,2017-02-12,0.87,41077471,15051952,12184188,862322,12979009
2017,2,2017-02-05,0.77,61034457,22743616,20328162,1664383,16298296
2017,1,2017-01-29,0.96,39373579,14034076,11683465,818727,12837312
2017,1,2017-01-22,0.94,42140393,14254150,14212882,908616,12764745
2017,1,2017-01-15,0.98,38295488,12936858,12625665,579347,12153618
2017,1,2017-01-08,0.99,38049803,11809728,13856935,539068,11844072
2017,1,2017-01-01,0.89,38879717,12707895,14201201,549845,11420777
2016,12,2016-12-25,1.00,30287854,9255125,10282926,541972,10207830
2016,12,2016-12-18,0.96,29583883,9394066,10339168,427872,9422776
2016,12,2016-12-11,0.98,30093541,9009996,9967220,403048,10713277
2016,12,2016-12-04,1.00,31621222,11043351,9908983,428010,10240878
2016,11,2016-11-27,1.21,22923063,7891488,7337342,344476,7349757
2016,11,2016-11-20,1.27,24989703,8531161,8033511,407568,8017464
2016,11,2016-11-13,1.36,24075126,8235135,7759608,477521,7602862
2016,11,2016-11-06,1.44,22534698,7804253,7126936,505349,7098160
2016,10,2016-10-30,1.43,21009730,7100459,6852046,453145,6604080
2016,10,2016-10-23,1.34,24753514,7579629,8104522,452384,8616979
2016,10,2016-10-16,1.30,27707047,8810664,8855073,447291,9594018
2016,10,2016-10-09,1.27,28857582,9552502,9579339,490957,9234784
2016,10,2016-10-02,1.23,29615008,9534916,9123898,490123,10466072
2016,9,2016-09-25,1.22,30305113,10548061,9255914,492604,10008534
2016,9,2016-09-18,1.15,31346091,11337829,9481313,486187,10040762
2016,9,2016-09-11,1.08,34126731,12962763,10380438,512160,10271370
2016,9,2016-09-04,1.04,37130689,14643466,11083513,540681,10863029
2016,8,2016-08-28,1.09,33993931,12561056,10420973,563739,10448164
2016,8,2016-08-21,1.10,33592098,12725249,9906499,609721,10350629
2016,8,2016-08-14,1.12,34386177,12352933,10879342,749247,10404656
2016,8,2016-08-07,1.15,33819909,12197105,10731380,754549,10136876
2016,7,2016-07-31,1.23,31201590,10168972,10423958,783937,9824723
2016,7,2016-07-24,1.20,32339377,10331314,10795751,947964,10264348
2016,7,2016-07-17,1.15,32656124,10320463,10628873,953631,10753156
2016,7,2016-07-10,1.10,35567568,11457080,11677528,1266434,11166526
2016,7,2016-07-03,1.06,39993186,12508937,13315901,1761343,12407004
2016,6,2016-06-26,1.04,36617024,12189035,12029919,1624942,10773128
2016,6,2016-06-19,1.02,38489936,13488852,12842698,1642736,10515651
2016,6,2016-06-12,1.04,35580820,12291687,11533970,1607344,10147819
2016,6,2016-06-05,0.97,40231260,13808859,13396652,1770948,11254801
2016,5,2016-05-29,0.94,40019075,13682611,13829591,1583496,10923377
2016,5,2016-05-22,0.93,36958036,11712000,12981224,1640829,10623982
2016,5,2016-05-15,0.89,39914997,12447598,14437190,1753853,11276356
2016,5,2016-05-08,0.82,46324530,14223305,17896392,1993645,12211188
2016,5,2016-05-01,0.84,42867609,13748944,15899858,1414364,11804441
2016,4,2016-04-24,0.87,39607695,12913697,14382185,1599864,10711949
2016,4,2016-04-17,0.90,37467885,11954488,12896367,1896150,10720882
2016,4,2016-04-10,0.90,36584029,12879820,11538132,1666275,10499801
2016,4,2016-04-03,0.94,33668451,11320970,11512622,1731910,9102948
2016,3,2016-03-27,0.94,35930196,11249198,12745267,1880231,10055499
2016,3,2016-03-20,0.93,36335484,11134391,13727454,1773089,9700550
2016,3,2016-03-13,0.93,36374516,11661687,13104888,1800066,9807875
2016,3,2016-03-06,0.95,35064506,11824155,12196587,1686475,9357289
2016,2,2016-02-28,0.91,36801818,11907395,13210855,1560168,10123401
2016,2,2016-02-21,0.94,32804733,10015825,12003752,1375260,9409896
2016,2,2016-02-14,0.88,36476442,11913078,13187973,1811091,9564300
2016,2,2016-02-07,0.76,52288698,16573574,20470573,2546439,12698112
2016,1,2016-01-31,0.93,34721250,11098088,13278054,1643703,8701405
2016,1,2016-01-24,0.95,32787079,7020459,14054368,1440380,10271872
2016,1,2016-01-17,0.94,34426342,10036598,13832256,1419406,9138082
2016,1,2016-01-10,0.93,35264336,11441287,13226089,1282613,9314348
2016,1,2016-01-03,0.86,38142088,11616506,16054084,1560069,8911429
2015,12,2015-12-27,0.95,27297984,9626901,10197890,1184340,6288852
2015,12,2015-12-20,0.98,25083647,8710022,9329862,1201020,5842744
2015,12,2015-12-13,0.93,28041335,9855054,10805839,1016163,6364280
2015,12,2015-12-06,0.89,28800397,9405464,12160839,931831,6302263
2015,11,2015-11-29,0.99,22617999,8094804,9003178,731008,4789009
2015,11,2015-11-22,0.96,25114228,8571850,10389880,804663,5347836
2015,11,2015-11-15,0.92,28597756,9907981,11699788,815642,6174346
2015,11,2015-11-08,0.97,28485716,9991330,12199657,1143215,5151514
2015,11,2015-11-01,0.97,31047484,10138704,14229287,1410928,5268565
2015,10,2015-10-25,1.04,26240072,8683959,11410478,1188119,4957516
2015,10,2015-10-18,0.99,29375124,9162094,14082540,1220251,4910239
2015,10,2015-10-11,1.00,29216198,8828341,13326573,1614283,5447001
2015,10,2015-10-04,1.02,28243506,8353620,13775652,1209045,4905189
2015,9,2015-09-27,1.03,27753508,8454209,13819913,1061979,4417407
2015,9,2015-09-20,1.02,29569087,9422275,13846045,1112405,5188361
2015,9,2015-09-13,1.03,31245836,9875018,14888078,1118989,5363751
2015,9,2015-09-06,1.02,33526480,12569277,14245598,1129771,5581833
2015,8,2015-08-30,1.07,29761638,11650977,11995961,1060353,5054348
2015,8,2015-08-23,1.08,29699846,11283021,12551530,909284,4956010
2015,8,2015-08-16,1.05,31936856,12680252,12998327,1143365,5114912
2015,8,2015-08-09,1.05,33254912,13003371,13926693,1014521,5310327
2015,8,2015-08-02,1.09,30358468,12115234,12219014,984703,5039517
2015,7,2015-07-26,1.07,30652211,12196226,12009228,1017158,5429599
2015,7,2015-07-19,1.07,32324648,12742760,12605457,1154897,5821533
2015,7,2015-07-12,1.07,31660032,12384449,12403360,980362,5891860
2015,7,2015-07-05,1.04,37943670,15643939,14213650,1342466,6743615
2015,6,2015-06-28,1.06,32408706,13299569,11505999,1045833,6557305
2015,6,2015-06-21,1.02,35734614,14699605,13244467,1326423,6464120
2015,6,2015-06-14,0.98,37026086,16383685,12821015,1085082,6736304
2015,6,2015-06-07,1.00,36549996,16529798,12582265,1144716,6293217
2015,5,2015-05-31,1.03,33720159,15503613,11599634,903908,5713003
2015,5,2015-05-24,1.04,35344183,16000108,12513821,899780,5930474
2015,5,2015-05-17,1.06,32027686,14615942,11003341,963550,5444854
2015,5,2015-05-10,1.02,36400887,16215329,13509065,858145,5818348
2015,5,2015-05-03,0.96,41291704,17787612,16602589,1118330,5783174
2015,4,2015-04-26,1.07,30894158,13833715,10867403,889732,5303307
2015,4,2015-04-19,1.03,33091256,14251319,12277859,1016631,5545447
2015,4,2015-04-12,1.02,32046402,14793354,11210544,807942,5234561
2015,4,2015-04-05,1.06,31500669,13939014,11526980,871981,5162693
2015,3,2015-03-29,1.04,29982648,12524637,11541041,811273,5105697
2015,3,2015-03-22,1.01,32513551,13697406,12659785,1066386,5089974
2015,3,2015-03-15,1.04,29572226,13149989,10634071,871575,4916591
2015,3,2015-03-08,1.02,30094699,13013750,10973973,834009,5272967
2015,3,2015-03-01,0.97,32994014,13282223,13733124,1070576,4908091
2015,2,2015-02-22,1.02,29936730,12628562,11354282,937139,5016747
2015,2,2015-02-15,1.03,28012521,12626615,9783490,845654,4756763
2015,2,2015-02-08,0.95,32137333,13308193,13381348,737939,4709853
2015,2,2015-02-01,0.89,44655462,18933038,18956480,1381516,5384428
2015,1,2015-01-25,1.04,28470311,12167445,10734653,768020,4800193
2015,1,2015-01-18,1.03,29043459,11858139,11701948,831302,4652070
2015,1,2015-01-11,1.01,29063543,11544811,12134773,866575,4517384
2015,1,2015-01-04,0.95,31324278,12357161,13624083,844093,4498940
2014,11,2-Nov-14,1.05,21541681,10077982,10851011,612688,0
2014,10,26-Oct-14,1.07,19957695,8893025,10496629,568041,0
2014,10,19-Oct-14,1.05,21542554,10104281,10808796,629477,0
2014,10,12-Oct-14,1.09,21049959,9066632,11271526,711801,0
2014,10,5-Oct-14,1.10,24444376,9078536,10738816,607552,4019472
2014,9,28-Sep-14,1.12,23235333,8399928,10335989,703320,3796096
2014,9,21-Sep-14,1.11,23778394,8585846,10691334,684317,3816897
2014,9,14-Sep-14,1.14,24551537,9307435,10575193,767080,3901829
2014,9,7-Sep-14,1.16,22940439,8710459,9843712,487375,3898893
2014,8,31-Aug-14,1.11,24397089,9992502,9884838,774853,3744896
2014,8,24-Aug-14,1.14,22466198,8609152,9908304,595206,3353536
2014,8,17-Aug-14,1.15,22247670,9175287,8904390,596982,3571011
2014,8,10-Aug-14,1.16,25306099,9139474,11227121,861686,4077818
2014,8,3-Aug-14,1.16,25271039,8949992,11384479,899605,4036963
2014,7,27-Jul-14,1.19,23851503,9182791,9785234,906819,3976659
2014,7,20-Jul-14,1.19,24408678,9482411,9750958,1168562,4006747
2014,7,13-Jul-14,1.22,25132828,10271670,9461638,1283915,4115605
2014,7,6-Jul-14,1.18,31226841,13097711,11610338,1482392,5036400
2014,6,29-Jun-14,1.18,27368365,11296357,10399776,1067197,4605035
2014,6,22-Jun-14,1.13,29593070,12269591,11563597,957457,4802425
2014,6,15-Jun-14,1.16,29409770,12829231,11010187,784955,4785397
2014,6,8-Jun-14,1.16,29115933,12483169,11013008,699515,4920241
2014,6,1-Jun-14,1.20,27505724,11376264,10836647,694915,4597898
2014,5,25-May-14,1.19,28876777,12391078,11034088,680882,4770729
2014,5,18-May-14,1.21,25809719,11322287,9528753,593863,4364816
2014,5,11-May-14,1.15,29414113,12418020,11859975,654968,4481150
2014,5,4-May-14,1.07,34263435,15318221,12857961,944724,5142529
2014,4,27-Apr-14,1.18,24674899,10727417,9259539,583446,4104497
2014,4,20-Apr-14,1.17,26792468,10971268,10617379,599162,4604659
2014,4,13-Apr-14,1.12,27354841,11777708,10685753,556225,4335155
2014,4,6-Apr-14,1.09,28905030,12106946,11453032,721892,4623160
2014,3,30-Mar-14,1.07,29224432,12048233,12272006,729653,4174540
2014,3,23-Mar-14,1.11,26648170,10788705,11063903,576456,4219106
2014,3,16-Mar-14,1.08,27302756,11770793,10967927,601134,3962902
2014,3,9-Mar-14,1.06,27304542,11136676,11558633,578794,4030439
2014,3,2-Mar-14,1.02,29334397,11987727,12481378,541091,4324201
2014,2,23-Feb-14,1.06,26771399,10733855,11500875,863428,3673241
2014,2,16-Feb-14,1.04,25281408,11175169,9815919,499487,3790833
2014,2,9-Feb-14,0.98,29716907,11565507,13570190,540334,4040876
2014,2,2-Feb-14,0.91,40210566,16680906,17812656,896612,4820392
2014,1,26-Jan-14,1.08,25625334,10750805,11138454,418538,3317537
2014,1,19-Jan-14,1.05,26883222,11227324,11576636,479435,3599827
2014,1,12-Jan-14,1.07,23985698,9647200,11187901,435843,2714754
2014,1,5-Jan-14,1.01,27761408,10535645,13905103,510274,2810386
2013,12,29-Dec-13,1.02,22595371,9574958,10007668,480420,2532325
2013,12,22-Dec-13,1.12,19078669,8015174,8202936,417793,2442766
2013,12,15-Dec-13,1.05,20135363,8469138,8737561,364212,2564452
2013,12,8-Dec-13,1.05,20887893,8666802,9393004,379896,2448191
2013,12,1-Dec-13,1.16,16656451,7223265,6943747,315676,2173763
2013,11,24-Nov-13,1.18,17513324,7222141,7518965,395093,2377125
2013,11,17-Nov-13,1.05,22485509,9501157,9778708,568897,2636747
2013,11,10-Nov-13,1.12,20752240,8806692,9013854,439678,2492016
2013,11,3-Nov-13,1.14,20249344,8490558,9023595,425706,2309485
2013,10,27-Oct-13,1.15,20621005,9363718,8590481,392468,2274338
2013,10,20-Oct-13,1.19,19627336,8504598,8395092,434583,2293063
2013,10,13-Oct-13,1.19,20505150,8854344,8754496,436547,2459763
2013,10,6-Oct-13,1.18,24316273,9258249,11414779,473465,3169780
2013,9,29-Sep-13,1.15,20999006,8630113,9662340,413480,2293073
2013,9,22-Sep-13,1.11,22184490,10149978,8848599,407004,2778909
2013,9,15-Sep-13,1.10,23916086,10317712,10381518,811658,2405198
2013,9,8-Sep-13,1.09,25711533,11159807,11373542,596708,2581476
2013,9,1-Sep-13,1.07,26582903,12092983,11268486,666080,2555354
2013,8,25-Aug-13,1.15,23124797,9732377,10334006,633732,2424682
2013,8,18-Aug-13,1.18,23106309,9897461,10013006,732840,2463002
2013,8,11-Aug-13,1.14,23833886,9894343,10642601,884381,2412561
2013,8,4-Aug-13,1.13,23766611,10342900,9894701,967543,2561467
2013,7,28-Jul-13,1.10,24288607,10744544,10073857,916260,2553946
2013,7,21-Jul-13,1.06,26283183,11541938,10708925,1174515,2857805
2013,7,14-Jul-13,1.05,27559824,11883622,11576865,858332,3241005
2013,7,7-Jul-13,1.02,32121921,14391655,13356313,1207485,3166468
2013,6,30-Jun-13,0.99,30046243,13970911,12057938,937582,3079812
2013,6,23-Jun-13,1.01,28113012,12317917,11893558,1056420,2845117
2013,6,16-Jun-13,1.03,28487721,11732310,12367303,1257865,3130243
2013,6,9-Jun-13,1.02,28107839,11400847,12285544,1204555,3216893
2013,6,2-Jun-13,1.03,27135906,10725840,12267645,1205056,2937365
2013,5,26-May-13,0.97,30241804,11080200,14770911,1196650,3194043
2013,5,19-May-13,1.01,26759135,9825847,12450266,1423304,3059718
2013,5,12-May-13,0.97,29360185,10499369,14040822,1604792,3215202
2013,5,5-May-13,0.90,36835141,14370863,17478391,1419359,3566528
2013,4,28-Apr-13,1.02,25975166,9349508,12520640,1192315,2912703
2013,4,21-Apr-13,0.99,26409158,10348048,11843893,1082639,3134578
2013,4,14-Apr-13,0.98,27251985,9845550,13394699,1293256,2718480
2013,4,7-Apr-13,0.98,25546376,10403797,11571477,1095363,2475739
2013,3,31-Mar-13,1.02,24127205,9013030,11128625,1229486,2756064
2013,3,24-Mar-13,0.98,24443609,9236870,11115916,1365681,2725142
2013,3,17-Mar-13,0.93,26262231,9773855,11924083,1422876,3141417
2013,3,10-Mar-13,0.94,25524202,9412845,11391864,1459429,3260064
2013,3,3-Mar-13,0.94,26743503,9340379,12921197,1584391,2897536
2013,2,24-Feb-13,0.97,23907280,8684543,11429565,1019582,2773590
2013,2,17-Feb-13,0.96,22441721,8134410,10686435,983141,2637735
2013,2,10-Feb-13,0.86,27341419,9749972,13682384,1125098,2783965
2013,2,3-Feb-13,0.82,37238805,13642914,18509791,1910218,3175882
2013,1,27-Jan-13,0.98,22884735,8283866,11044267,1027280,2529322
2013,1,20-Jan-13,0.95,24647465,8371093,12384457,1388039,2503876
2013,1,13-Jan-13,0.99,23037764,7602723,11616917,1218790,2599334
2013,1,6-Jan-13,0.93,25380163,8792126,13058821,1218780,2310436
2012,12,30-Dec-12,0.89,23505367,8792939,11372988,1182693,2156747
2012,12,23-Dec-12,1.01,18631303,6615205,8946938,953680,2115480
2012,12,16-Dec-12,1.00,18665604,6429092,9391890,731504,2113118
2012,12,9-Dec-12,0.94,20657487,8034297,9745153,776655,2101382
2012,12,2-Dec-12,0.95,19994000,7828840,9389780,773496,2001884
2012,11,25-Nov-12,1.09,15469190,5455965,7648407,620533,1744285
2012,11,18-Nov-12,1.02,18230315,6622694,9061208,702132,1844281
2012,11,11-Nov-12,0.98,20503491,7011422,10716175,830751,1945143
2012,11,4-Nov-12,1.00,19592398,6947482,9885859,744392,2014665
2012,10,28-Oct-12,0.96,22052547,8267414,10904154,677069,2203910
2012,10,21-Oct-12,1.00,21399218,7640950,10746775,803482,2208011
2012,10,14-Oct-12,1.04,19984824,7076979,9886108,687458,2334279
2012,10,7-Oct-12,1.00,22214711,8168555,10932373,702496,2411287
2012,9,30-Sep-12,1.01,21343831,7902799,10572211,647918,2220903
2012,9,23-Sep-12,1.01,21877267,8449950,10579879,536785,2310653
2012,9,16-Sep-12,1.05,21339398,8109313,10711570,513805,2004710
2012,9,9-Sep-12,1.06,23223467,8640014,11727561,782181,2073711
2012,9,2-Sep-12,1.05,23810120,8601370,12235811,799717,2173222
2012,8,26-Aug-12,1.05,22321318,8076528,11365422,965619,1913749
2012,8,19-Aug-12,1.08,21821958,7908583,11244900,726024,1942451
2012,8,12-Aug-12,1.10,21818474,7993399,11000735,772692,2051648
2012,8,5-Aug-12,1.04,23859676,9533084,11385485,847407,2093700
2012,7,29-Jul-12,1.02,24021764,11743283,9619838,644230,2014413
2012,7,22-Jul-12,1.06,23680612,10533856,9898392,1224235,2024129
2012,7,15-Jul-12,1.06,23773674,11495669,9548480,581022,2148503
2012,7,8-Jul-12,1.07,26757949,12613624,11089226,780405,2274694
2012,7,1-Jul-12,1.06,24298046,11341712,10244751,565963,2145620
2012,6,24-Jun-12,1.09,22709163,10257892,9626490,482632,2342149
2012,6,17-Jun-12,1.12,22658286,10635011,9500539,491493,2031243
2012,6,10-Jun-12,1.11,23117376,10663721,10043053,473037,1937565
2012,6,3-Jun-12,1.12,22172968,10205510,9520771,387206,2059481
2012,5,27-May-12,1.07,24863341,11333014,10939010,408374,2182943
2012,5,20-May-12,1.10,21730403,10140181,9286608,302803,2000811
2012,5,13-May-12,1.07,22958192,10569158,10153457,267425,1968152
2012,5,6-May-12,1.00,30011568,13288184,14095688,431177,2196519
2012,4,29-Apr-12,1.12,20012561,9667509,7989938,436342,1918772
2012,4,22-Apr-12,1.02,22535002,10791424,9099143,445181,2199254
2012,4,15-Apr-12,0.99,22471023,10631020,9248034,650042,1941927
2012,4,8-Apr-12,1.04,21960749,10423468,9245068,491411,1800802
2012,4,1-Apr-12,1.01,21719251,10008232,9470470,400716,1839833
2012,3,25-Mar-12,1.01,21539365,10470418,8667303,560669,1840975
2012,3,18-Mar-12,0.98,21482249,10830190,8410618,382581,1858860
2012,3,11-Mar-12,0.97,21429758,9841880,9208104,526846,1852928
2012,3,4-Mar-12,0.98,21179608,8989482,9739673,585316,1865137
2012,2,26-Feb-12,1.03,19444241,8959331,8300769,403631,1780510
2012,2,19-Feb-12,1.03,18334056,8533712,7734331,366194,1699819
2012,2,12-Feb-12,0.93,22622584,10620099,9750718,442802,1808965
2012,2,5-Feb-12,0.80,35226345,16529786,15795879,586237,2314443
2012,1,29-Jan-12,1.00,19654691,9484997,8024023,350915,1794756
2012,1,22-Jan-12,0.96,21178093,10110350,8986298,304728,1776717
2012,1,15-Jan-12,0.98,20530616,9922646,8470708,308836,1828426
2012,1,8-Jan-12,0.96,20424545,10002342,8340256,302483,1779464
2012,1,1-Jan-12,0.89,22744366,10297584,10247529,468161,1731092
2011,12,25-Dec-11,1.07,16958831,7046506,7909930,384950,1617445
2011,12,18-Dec-11,1.06,14433395,6243842,6506113,391139,1292301
2011,12,11-Dec-11,0.96,16506171,7443873,7513141,378137,1171020
2011,12,4-Dec-11,1.01,15753797,7506858,6699742,460467,1086730
2011,11,27-Nov-11,1.13,12404044,6015563,5050325,306438,1031718
2011,11,20-Nov-11,1.08,14351049,6747443,6190152,287168,1126286
2011,11,13-Nov-11,0.99,17511049,8265031,7805574,262413,1178031
2011,11,6-Nov-11,1.03,16187706,8199560,6341908,240298,1405940
2011,10,30-Oct-11,1.01,17861027,8567811,7278412,234797,1780007
2011,10,23-Oct-11,1.05,16725687,8676700,6274748,211993,1562246
2011,10,16-Oct-11,1.12,16810109,8280768,7024427,264237,1240677
2011,10,9-Oct-11,1.15,17403919,8184108,7794257,252570,1172984
2011,10,2-Oct-11,1.33,14021811,7080843,5620858,197754,1122356
2011,9,25-Sep-11,1.36,14231806,7485534,5366362,218167,1161743
2011,9,18-Sep-11,1.42,14227772,7482910,5242820,247770,1254272
2011,9,11-Sep-11,1.55,14006226,6841861,5628203,308742,1227420
2011,9,4-Sep-11,1.55,13894939,7157672,5276349,351795,1109123
2011,8,28-Aug-11,1.59,13121401,6235743,5331844,386415,1167399
2011,8,21-Aug-11,1.60,13458021,6478042,5370664,429998,1179317
2011,8,14-Aug-11,1.59,14025117,7018570,5469038,360173,1177336
2011,8,7-Aug-11,1.58,14326884,7123660,5607169,383574,1212481
2011,7,31-Jul-11,1.59,13901393,6970545,5382530,337822,1210496
2011,7,24-Jul-11,1.57,14511401,7535302,5418783,282903,1274413
2011,7,17-Jul-11,1.55,14814478,7707267,5547932,289662,1269617
2011,7,10-Jul-11,1.49,16745609,8556056,6605663,293303,1290587
2011,7,3-Jul-11,1.50,16997398,8450044,6708047,349039,1490268
2011,6,26-Jun-11,1.37,16662627,8182515,6707824,292078,1480210
2011,6,19-Jun-11,1.38,17488081,8632818,6833282,473868,1548113
2011,6,12-Jun-11,1.39,16688614,7926734,6785281,615054,1361545
2011,6,5-Jun-11,1.38,17085912,8552608,6559706,608468,1365130
2011,5,29-May-11,1.37,16853418,8257797,6685760,609586,1300275
2011,5,22-May-11,1.38,15219640,7280573,6187100,570134,1181833
2011,5,15-May-11,1.35,15805422,7784849,6214297,546692,1259584
2011,5,8-May-11,1.32,19867295,9517364,8162043,678195,1509693
2011,5,1-May-11,1.42,14672802,6936419,5956143,605371,1174869
2011,4,24-Apr-11,1.47,14635255,6777325,5894118,661502,1302310
2011,4,17-Apr-11,1.43,14617954,6544371,6177632,622614,1273337
2011,4,10-Apr-11,1.41,14928715,6725289,6304825,713571,1185030
2011,4,3-Apr-11,1.38,14578790,6680766,6058934,696413,1142677
2011,3,27-Mar-11,1.35,14651220,6573211,6117070,724226,1236713
2011,3,20-Mar-11,1.30,14977546,6499509,6416396,675869,1385772
2011,3,13-Mar-11,1.23,15805371,6445183,7195810,652169,1512209
2011,3,6-Mar-11,1.10,18629439,7168608,8859693,1064074,1537064
2011,2,27-Feb-11,1.11,17306346,7105796,7712492,935691,1552367
2011,2,20-Feb-11,1.09,17155719,7408094,7390026,812702,1544897
2011,2,13-Feb-11,0.99,20559357,8938745,9138678,979369,1502565
2011,2,6-Feb-11,0.91,30310387,12607861,14671312,1392527,1638687
2011,1,30-Jan-11,1.11,17150001,7432837,7404200,837834,1475130
2011,1,23-Jan-11,1.04,19202891,7493861,9386580,841561,1480889
2011,1,16-Jan-11,1.05,18982790,7938697,8769277,865911,1408905
2011,1,9-Jan-11,1.02,18757526,7775785,8804841,746905,1429995
2011,1,2-Jan-11,0.93,22481895,9184204,10851369,829822,1616500
2010,12,26-Dec-10,1.12,15018910,6147096,6560193,898665,1412956
2010,12,19-Dec-10,1.08,14008515,6112470,5854523,832003,1209519
2010,12,12-Dec-10,1.04,14869367,6389559,6514973,774321,1190514
2010,12,5-Dec-10,1.01,15544141,6692123,7049853,657280,1144885
2010,11,28-Nov-10,1.10,12613939,5623688,5474212,390575,1125464
2010,11,21-Nov-10,1.07,14133516,5943709,6579850,441169,1168788
2010,11,14-Nov-10,1.00,16954038,6851936,8099437,724848,1277817
2010,11,7-Nov-10,1.00,16969224,7818554,7413196,554129,1183345
2010,10,31-Oct-10,1.01,17109138,7529918,8002338,279217,1297665
2010,10,24-Oct-10,1.03,17220085,7639378,7883633,284113,1412961
2010,10,17-Oct-10,1.01,18473957,8131741,8502522,336756,1502938
2010,10,10-Oct-10,1.06,17348952,7753185,7748942,334520,1512305
2010,10,3-Oct-10,1.06,16772257,7590777,7526368,274954,1380158
2010,9,26-Sep-10,1.05,17186161,7525566,7872897,284041,1503657
2010,9,19-Sep-10,0.99,19258153,8805321,8817349,323978,1311505
2010,9,12-Sep-10,1.00,20421106,10408050,8278922,287083,1447051
2010,9,5-Sep-10,0.97,23001616,11040428,10066801,352681,1541706
2010,8,29-Aug-10,1.04,19016639,9072988,8132985,300562,1510104
2010,8,22-Aug-10,1.07,19080689,8620295,8502899,457260,1500235
2010,8,15-Aug-10,1.04,19575280,9278336,8352203,520149,1424592
2010,8,8-Aug-10,1.02,20757532,9487684,9496866,426358,1346624
2010,8,1-Aug-10,1.01,20213364,9351602,8998805,530616,1332341
2010,7,25-Jul-10,0.99,20996064,10387416,8558725,631508,1418415
2010,7,18-Jul-10,1.02,20768651,9758662,8843749,708001,1458239
2010,7,11-Jul-10,1.01,21350977,10274842,8719833,707180,1649122
2010,7,4-Jul-10,0.98,24233779,11736831,10139920,730598,1626430
2010,6,27-Jun-10,1.01,20042787,9883578,8268722,705349,1185138
2010,6,20-Jun-10,0.95,22090233,11227951,8829343,708088,1324851
2010,6,13-Jun-10,0.99,20962816,10411253,8438801,997419,1115343
2010,6,6-Jun-10,1.00,21191556,9961918,9117703,823772,1288163
2010,5,30-May-10,0.98,22677544,9418403,11116405,815510,1327226
2010,5,23-May-10,0.99,20502474,8491394,9848391,958580,1204109
2010,5,16-May-10,1.00,19588962,8719378,8499197,1101172,1269215
2010,5,9-May-10,0.82,28307551,11605466,14422036,902094,1377955
2010,5,2-May-10,0.84,27991761,10795857,14844105,1106407,1245392
2010,4,25-Apr-10,1.00,19846483,7635059,9909708,1079807,1221909
2010,4,18-Apr-10,0.97,20830168,8385924,10377232,928991,1138021
2010,4,11-Apr-10,0.95,20055706,8498059,9679211,835228,1043208
2010,4,4-Apr-10,0.94,21608620,9735641,9429587,1094693,1348699
2010,3,28-Mar-10,0.91,22374261,9091007,10796521,1139030,1347703
2010,3,21-Mar-10,0.91,21430547,9076477,9988573,925685,1439812
2010,3,14-Mar-10,0.92,21532376,8569963,10604860,804588,1552965
2010,3,7-Mar-10,0.97,20241923,8631930,9068433,930528,1611032
2010,2,28-Feb-10,0.97,19070844,7917086,8744364,1060205,1349189
2010,2,21-Feb-10,0.98,16526165,7755906,6991041,465634,1313584
2010,2,14-Feb-10,0.81,22331917,10081750,10496397,419818,1333952
2010,2,7-Feb-10,0.73,34064307,14515540,17403166,692554,1453047
2010,1,31-Jan-10,0.95,18096226,7940409,8426871,398770,1330176
2010,1,24-Jan-10,0.90,19821136,7729583,10492164,294940,1304449
2010,1,17-Jan-10,0.91,19796538,8171884,9926733,402394,1295527
2010,1,10-Jan-10,0.87,19083058,8376055,9098999,252302,1355702
2010,1,3-Jan-10,0.75,25634496,11234727,12944724,292242,1162803
2009,12,27-Dec-09,0.98,15524472,6259779,7815317,225229,1224147
2009,12,20-Dec-09,0.96,14454753,6184657,6676609,186034,1407453
2009,12,13-Dec-09,0.89,15795808,6672256,7691035,154911,1277606
2009,12,6-Dec-09,0.90,16288987,6688808,8458150,160290,981739
2009,11,29-Nov-09,0.99,12926400,5521588,6153961,142605,1108246
2009,11,22-Nov-09,0.91,15168198,5988332,7954520,161346,1064000
2009,11,15-Nov-09,0.85,18360885,7301943,9717305,175821,1165816
2009,11,8-Nov-09,0.90,17290762,7646476,8170345,186966,1286975
2009,11,1-Nov-09,0.93,17470403,7118148,8927724,150997,1273534
2009,10,25-Oct-09,0.92,17985488,8108729,8630434,161404,1084921
2009,10,18-Oct-09,0.96,16638920,7353133,8040278,160829,1084680
2009,10,11-Oct-09,0.98,16047998,6066077,8790478,149602,1041841
2009,10,4-Oct-09,1.02,15345639,6028161,8123731,140808,1052939
2009,9,27-Sep-09,0.93,17874170,7776637,8910300,146135,1041098
2009,9,20-Sep-09,0.86,20860332,9347602,10267731,165669,1079330
2009,9,13-Sep-09,0.99,18880156,9043644,8582736,179202,1074574
2009,9,6-Sep-09,0.99,20866919,8738965,10711318,267796,1148840
2009,8,30-Aug-09,1.22,14618637,5542621,7837658,315308,923050
2009,8,23-Aug-09,1.28,14235807,5825536,7195475,349363,865433
2009,8,16-Aug-09,1.37,13390643,5609628,6568592,354390,858033
2009,8,9-Aug-09,1.40,13060777,5044006,6742266,374085,900420
2009,8,2-Aug-09,1.39,13101733,5036394,6784385,377815,903139
2009,7,26-Jul-09,1.42,12837392,4921855,6623541,398367,893629
2009,7,19-Jul-09,1.36,13971548,5652786,7028673,372986,917103
2009,7,12-Jul-09,1.32,14596972,6001477,7155850,480607,959038
2009,7,5-Jul-09,1.32,17352341,6979781,8736511,636175,999874
2009,6,28-Jun-09,1.28,15142817,6539693,7201243,480087,921794
2009,6,21-Jun-09,1.25,15811212,6769046,7542057,579707,920402
2009,6,14-Jun-09,1.25,15387085,6608517,7260443,631232,886893
2009,6,7-Jun-09,1.15,17376236,7722444,8257579,535198,861015
2009,5,31-May-09,1.15,17667656,7890352,8359239,468343,949722
2009,5,24-May-09,1.16,18216433,7984724,8694228,586513,950968
2009,5,17-May-09,1.14,16294746,7384529,7443075,502984,964158
2009,5,10-May-09,1.01,20143395,8636339,9909100,627658,970298
2009,5,3-May-09,0.97,22665228,9646990,11575332,545350,897556
2009,4,26-Apr-09,1.11,16199356,6911860,7589997,574410,1123089
2009,4,19-Apr-09,1.05,16500463,7433559,7542829,492691,1031384
2009,4,12-Apr-09,1.05,17841747,7645762,8500286,708524,987175
2009,4,5-Apr-09,1.01,18173009,6965661,9623216,603380,980752
2009,3,29-Mar-09,1.02,16417627,7282259,7608591,385120,1141657
2009,3,22-Mar-09,0.97,17649594,7747494,8409223,421647,1071230
2009,3,15-Mar-09,1.04,16250797,7365495,7348989,499441,1036872
2009,3,8-Mar-09,1.01,16150575,7070724,7911424,415691,752736
2009,3,1-Mar-09,1.02,16213338,6571237,8330950,376349,934802
2009,2,22-Feb-09,1.00,16354419,7115143,7843292,369843,1026141
2009,2,15-Feb-09,1.04,14397251,6855520,6024323,522383,995025
2009,2,8-Feb-09,0.92,18794097,9230846,8232709,339463,991079
2009,2,1-Feb-09,0.85,26738155,12352795,12882245,514512,988603
2009,1,25-Jan-09,1.02,15538936,7156844,7141216,319643,921233
2009,1,18-Jan-09,1.03,15776918,6466818,8132101,323055,854944
2009,1,11-Jan-09,1.03,15445986,6780065,7539141,291422,835358
2009,1,4-Jan-09,1.03,21595276,6441866,13033354,501055,1619001
2008,12,28-Dec-08,1.10,15743693,5782695,7914843,505303,1540852
2008,12,21-Dec-08,1.11,14135357,4935545,6945272,681333,1573207
2008,12,14-Dec-08,1.04,14255308,5028002,7362639,306018,1558649
2008,12,7-Dec-08,1.02,15287633,5670437,7962006,258700,1396490
2008,11,30-Nov-08,1.20,11745045,4056036,5874327,235203,1579479
2008,11,23-Nov-08,1.13,13371313,4662411,6559477,317624,1831801
2008,11,16-Nov-08,1.06,15367010,6146470,7038243,445601,1736696
2008,11,9-Nov-08,0.99,16706479,6537309,7968560,419699,1780911
2008,11,2-Nov-08,1.12,15116732,5231991,7996613,456743,1431385
2008,10,26-Oct-08,1.14,14156385,4751637,7516147,397850,1490751
2008,10,19-Oct-08,1.12,16701582,5598835,9110455,391481,1600811
2008,10,12-Oct-08,1.17,14326342,5458360,6708740,412641,1746601
2008,10,5-Oct-08,1.18,14407889,5502002,6513520,495667,1896700
2008,9,28-Sep-08,1.20,14226016,5589854,6242857,453646,1939659
2008,9,21-Sep-08,1.26,14206927,5104618,6664666,494354,1943289
2008,9,14-Sep-08,1.28,14118739,4861191,6729039,444525,2083984
2008,9,7-Sep-08,1.30,14996451,4878866,7330500,512923,2274162
2008,8,31-Aug-08,1.32,14982178,5028008,7130213,532221,2291736
2008,8,24-Aug-08,1.25,15211362,5730299,6849214,414413,2217436
2008,8,17-Aug-08,1.25,16288373,5372891,8323839,395470,2196173
2008,8,10-Aug-08,1.28,15935181,5856850,7238413,654257,2185661
2008,8,3-Aug-08,1.30,15080677,5437723,6662683,775414,2204857
2008,7,27-Jul-08,1.30,14988979,5304990,6701795,799789,2182405
2008,7,20-Jul-08,1.27,15832456,5860301,7166217,730055,2075883
2008,7,13-Jul-08,1.24,16316050,6223124,7161420,694048,2237458
2008,7,6-Jul-08,1.26,19449921,6484527,9597905,808593,2558896
2008,6,29-Jun-08,1.23,16138377,6344305,7059325,645677,2089070
2008,6,22-Jun-08,1.14,18186075,7882082,7219209,730765,2354019
2008,6,15-Jun-08,1.21,17252020,6542338,7465551,831008,2413123
2008,6,8-Jun-08,1.20,16716262,6737073,6956131,627189,2395869
2008,6,1-Jun-08,1.18,17305538,6248343,8228928,433317,2394950
2008,5,25-May-08,1.20,17907294,6328907,8761950,622017,2194420
2008,5,18-May-08,1.14,17646586,6516924,8274549,663198,2191915
2008,5,11-May-08,1.09,19317800,6644686,10105334,558196,2009584
2008,5,4-May-08,0.98,24999197,8971278,13663883,460067,1903969
2008,4,27-Apr-08,1.22,15385575,4934673,7631351,579007,2240544
2008,4,20-Apr-08,1.21,15179164,5595585,6904647,670374,2008558
2008,4,13-Apr-08,1.14,16590994,5795030,8162392,629525,2004047
2008,4,6-Apr-08,1.12,15793022,5307751,8156925,466869,1861477
2008,3,30-Mar-08,1.11,16215322,5553332,8409561,675086,1577343
2008,3,23-Mar-08,1.14,15822889,6506403,6971138,631731,1713617
2008,3,16-Mar-08,1.15,15080969,5567945,7465519,453177,1594328
2008,3,9-Mar-08,1.18,14874931,4726442,8120350,504572,1523567
2008,3,2-Mar-08,1.08,16420049,5479602,8775453,622954,1542040
2008,2,24-Feb-08,1.11,15243500,5439829,7607614,539081,1656976
2008,2,17-Feb-08,1.13,14020127,5238145,6644649,515927,1621406
2008,2,10-Feb-08,1.07,15993847,5809921,8139160,511895,1532871
2008,2,3-Feb-08,0.99,24552315,8432446,13975981,576011,1567877
2008,1,27-Jan-08,1.14,13986606,4399062,7666419,394595,1526530
2008,1,20-Jan-08,1.12,15108355,4501478,8483182,434182,1689513
2008,1,13-Jan-08,1.14,15239528,4543425,8630487,340374,1725242